id,first_name,last_name,email,gender,ip_address
1,Cynthia,Coskerry,ccoskerry0@uol.com.br,Agender,105.45.222.58
2,Enrico,Stracey,estracey1@deliciousdays.com,Male,228.169.219.231
3,Chelsie,Sheerin,csheerin2@oakley.com,Female,159.66.193.250
4,Rozella,Ferney,rferney3@ebay.co.uk,Female,229.154.169.235
5,Mickey,Schistl,mschistl4@google.nl,Male,18.142.186.152
6,Rusty,Peake,rpeake5@cam.ac.uk,Male,125.10.152.31
7,Felicdad,Trimnell,ftrimnell6@goodreads.com,Female,236.246.144.85
8,Nerti,Howkins,nhowkins7@github.com,Female,171.179.225.196
9,Torrin,Taborre,ttaborre8@taobao.com,Male,73.178.201.103
10,Goddart,Vittery,gvittery9@zimbio.com,Male,155.209.177.170
11,Sterne,Bangiard,sbangiarda@nationalgeographic.com,Male,201.161.242.210
12,Brion,Sprulls,bsprullsb@gizmodo.com,Male,60.49.168.252
13,Robinia,Barritt,rbarrittc@cbslocal.com,Female,33.153.101.135
14,Nickolas,Pargiter,npargiterd@wsj.com,Male,122.127.17.214
15,Dorisa,Wheater,dwheatere@plala.or.jp,Female,111.156.62.98
16,Vanya,Upsale,vupsalef@comsenz.com,Female,230.66.109.124
17,Rafaelia,Delve,rdelveg@reddit.com,Female,182.22.88.73
18,Brook,Bricket,bbricketh@woothemes.com,Genderfluid,219.216.202.138
19,Humbert,Iremonger,hiremongeri@home.pl,Genderqueer,11.71.95.200
20,Maryjane,Myderscough,mmyderscoughj@surveymonkey.com,Female,149.195.166.6
21,Gustav,Kinglake,gkinglakek@histats.com,Male,9.109.144.132
22,Jeromy,Guilloux,jguillouxl@yolasite.com,Male,97.31.171.93
23,Rhett,Lownsbrough,rlownsbroughm@behance.net,Male,153.203.197.130
24,Dennet,Drever,ddrevern@comcast.net,Male,103.171.81.211
25,Dulci,Curds,dcurdso@devhub.com,Female,120.47.130.27
26,Rebecka,Silverthorne,rsilverthornep@clickbank.net,Female,217.213.225.183
27,Christiano,Pursey,cpurseyq@seesaa.net,Male,0.155.249.135
28,Wilfrid,Venes,wvenesr@cocolog-nifty.com,Male,102.219.38.252
29,Federica,Posselwhite,fposselwhites@hhs.gov,Female,31.142.183.155
30,Rivy,Thiese,rthieset@furl.net,Female,68.95.124.246
31,Horace,Binion,hbinionu@friendfeed.com,Male,30.209.138.164
32,Lyndel,Barg,lbargv@cpanel.net,Female,115.42.144.96
33,Collin,Kiloh,ckilohw@digg.com,Male,236.14.235.62
34,Glad,Ingles,ginglesx@earthlink.net,Bigender,189.205.95.228
35,Fey,Piggen,fpiggeny@bizjournals.com,Female,54.136.217.173
36,Tannie,Snozzwell,tsnozzwellz@psu.edu,Bigender,63.119.44.133
37,Cinderella,Brantzen,cbrantzen10@domainmarket.com,Female,57.211.20.47
38,Alyda,Pardy,apardy11@sfgate.com,Female,1.32.207.225
39,Ilise,Whiscard,iwhiscard12@google.es,Female,147.131.247.44
40,Mira,Thieme,mthieme13@bbc.co.uk,Female,234.120.35.54
41,Hunfredo,Happer,hhapper14@typepad.com,Male,23.249.90.169
42,Michele,Klima,mklima15@github.io,Female,221.21.142.125
43,Constancia,Staterfield,cstaterfield16@jalbum.net,Female,62.14.6.16
44,Meryl,Templar,mtemplar17@engadget.com,Female,124.211.249.238
45,Maible,Kevern,mkevern18@webeden.co.uk,Female,221.111.108.175
46,Clarissa,Stitson,cstitson19@yandex.ru,Female,134.186.230.194
47,Guthrey,Wethers,gwethers1a@accuweather.com,Male,130.198.247.80
48,Westleigh,Boken,wboken1b@ameblo.jp,Male,219.253.208.40
49,Verge,Yaknov,vyaknov1c@fda.gov,Male,42.43.94.79
50,Oswald,Handsheart,ohandsheart1d@xinhuanet.com,Male,215.169.230.219
51,Ashlen,Leadley,aleadley1e@hexun.com,Bigender,222.27.250.231
52,Kinnie,Lowis,klowis1f@tamu.edu,Male,47.185.60.12
53,Curtice,Catmull,ccatmull1g@zimbio.com,Male,9.54.193.167
54,Mellicent,McKeller,mmckeller1h@hao123.com,Female,48.95.251.4
55,Randell,Foyston,rfoyston1i@yale.edu,Male,180.186.78.130
56,Bennett,Pavlenkov,bpavlenkov1j@nba.com,Male,97.2.19.194
57,Marcille,Goney,mgoney1k@jiathis.com,Female,92.193.136.61
58,Marcia,Ionnidis,mionnidis1l@nydailynews.com,Non-binary,129.172.111.80
59,Carrissa,Knapton,cknapton1m@latimes.com,Female,146.60.107.32
60,Archaimbaud,Courteney,acourteney1n@github.com,Bigender,80.43.62.12
61,Kitty,Tellett,ktellett1o@intel.com,Female,80.51.75.250
62,Kathryn,Sarsfield,ksarsfield1p@mtv.com,Female,32.25.73.111
63,Birgit,Hrihorovich,bhrihorovich1q@dell.com,Female,169.103.124.44
64,Enrika,Bresnahan,ebresnahan1r@sakura.ne.jp,Female,130.19.158.190
65,Delores,Glitherow,dglitherow1s@csmonitor.com,Non-binary,93.96.33.179
66,Judith,Farthing,jfarthing1t@thetimes.co.uk,Female,32.118.166.135
67,Abrahan,Dewerson,adewerson1u@1688.com,Male,171.97.157.239
68,Lorant,Keelinge,lkeelinge1v@va.gov,Non-binary,208.208.95.164
69,Beverie,Keeley,bkeeley1w@thetimes.co.uk,Agender,139.98.132.181
70,Darleen,Daoust,ddaoust1x@patch.com,Female,197.146.53.158
71,Devon,Maier,dmaier1y@php.net,Female,49.63.28.170
72,Susi,Sisland,ssisland1z@reverbnation.com,Female,174.92.90.141
73,Megan,Ballantine,mballantine20@newsvine.com,Genderqueer,84.131.241.99
74,Shelley,Dunstall,sdunstall21@typepad.com,Male,113.226.7.28
75,Herc,Colvin,hcolvin22@intel.com,Male,102.174.38.2
76,Minnie,Arblaster,marblaster23@123-reg.co.uk,Female,168.63.1.181
77,Ruggiero,Cawkwell,rcawkwell24@blogger.com,Male,130.243.18.152
78,Dreddy,Avramovitz,davramovitz25@phpbb.com,Female,110.230.157.232
79,Gustavo,Hazzard,ghazzard26@weebly.com,Male,151.189.122.96
80,Obidiah,Lorant,olorant27@xrea.com,Male,215.204.72.188
81,Farand,Kenzie,fkenzie28@bloglines.com,Female,8.142.187.201
82,Neale,Bubear,nbubear29@1688.com,Male,186.199.182.118
83,Alberik,Downer,adowner2a@marriott.com,Male,66.200.54.227
84,Moina,Trump,mtrump2b@skype.com,Female,23.113.53.155
85,Moishe,Antoniak,mantoniak2c@networkadvertising.org,Male,129.135.167.62
86,Cordelie,Demchen,cdemchen2d@wp.com,Genderqueer,51.102.181.15
87,Lonnard,Fochs,lfochs2e@unblog.fr,Male,218.196.116.203
88,Rubetta,Firsby,rfirsby2f@home.pl,Female,81.64.70.157
89,Udale,Denne,udenne2g@nyu.edu,Male,138.131.73.37
90,Joel,Podmore,jpodmore2h@cam.ac.uk,Male,60.221.135.60
91,Alaine,Drinan,adrinan2i@ycombinator.com,Female,138.141.2.192
92,Junina,Booij,jbooij2j@jalbum.net,Female,238.145.103.216
93,Tanney,Atter,tatter2k@domainmarket.com,Male,191.122.228.167
94,Eliza,Hanmore,ehanmore2l@economist.com,Female,149.32.244.40
95,Findlay,Dreher,fdreher2m@wired.com,Male,60.98.84.177
96,Fred,Cotilard,fcotilard2n@forbes.com,Male,125.189.121.214
97,Lu,Chismon,lchismon2o@wisc.edu,Female,156.180.96.185
98,Taddeo,Vaugham,tvaugham2p@clickbank.net,Male,176.106.96.94
99,Juliane,Djorevic,jdjorevic2q@mashable.com,Female,191.157.114.80
100,Wait,Royle,wroyle2r@rakuten.co.jp,Non-binary,129.148.139.230
101,Debee,Guilayn,dguilayn2s@oakley.com,Female,99.149.107.77
102,Rafferty,Cutriss,rcutriss2t@gmpg.org,Male,47.98.147.158
103,Gordie,Stairs,gstairs2u@behance.net,Male,135.117.195.228
104,Wat,Moth,wmoth2v@storify.com,Male,250.111.62.186
105,Nehemiah,Bunworth,nbunworth2w@twitter.com,Male,11.49.38.90
106,Gretel,Isaaksohn,gisaaksohn2x@ehow.com,Female,129.123.88.125
107,Almeria,Casse,acasse2y@google.com.au,Female,249.242.20.167
108,Alyson,Bloomer,abloomer2z@cafepress.com,Female,211.106.92.146
109,Obadias,Isaak,oisaak30@so-net.ne.jp,Male,181.53.177.78
110,Harli,Trendle,htrendle31@free.fr,Polygender,86.104.237.131
111,Boyce,Barstock,bbarstock32@surveymonkey.com,Male,92.46.20.34
112,Emmey,Dunstall,edunstall33@php.net,Bigender,134.36.21.5
113,Eward,Ballantyne,eballantyne34@domainmarket.com,Male,140.14.207.113
114,Lilia,Tacon,ltacon35@globo.com,Female,124.224.79.37
115,Rebeka,Gowanlock,rgowanlock36@bloomberg.com,Female,190.101.136.237
116,Elyse,Duckham,educkham37@cargocollective.com,Bigender,116.171.110.2
117,Ellen,Reeves,ereeves38@java.com,Female,170.245.129.193
118,Eden,Colls,ecolls39@bigcartel.com,Female,107.88.90.190
119,Donall,Groomebridge,dgroomebridge3a@sciencedirect.com,Male,22.252.229.191
120,Tim,Penylton,tpenylton3b@narod.ru,Male,130.67.103.60
121,Linell,Proby,lproby3c@csmonitor.com,Female,21.174.80.172
122,Carling,Steketee,csteketee3d@arstechnica.com,Male,186.182.57.127
123,Otis,Carlens,ocarlens3e@ameblo.jp,Male,222.194.42.69
124,Nancey,Tamlett,ntamlett3f@wikimedia.org,Female,214.26.127.195
125,Ellene,Jennrich,ejennrich3g@aol.com,Female,106.36.38.209
126,Fan,Mound,fmound3h@ucla.edu,Female,19.1.73.11
127,Mag,Speedin,mspeedin3i@bizjournals.com,Female,24.8.99.112
128,Laurel,Battleson,lbattleson3j@ning.com,Female,198.52.117.128
129,Stefano,Thuillier,sthuillier3k@omniture.com,Male,7.209.39.14
130,Torry,Knowlman,tknowlman3l@mayoclinic.com,Non-binary,21.128.250.84
131,Michell,Murtimer,mmurtimer3m@psu.edu,Female,210.25.70.74
132,Gilles,Caps,gcaps3n@earthlink.net,Male,155.100.42.23
133,Alli,Fibbens,afibbens3o@addthis.com,Female,71.186.49.204
134,Caressa,Dovydenas,cdovydenas3p@wsj.com,Female,5.199.239.17
135,Buckie,Fihelly,bfihelly3q@twitpic.com,Male,44.200.149.227
136,Ruddie,Sandiland,rsandiland3r@reverbnation.com,Male,10.127.255.5
137,Konrad,Doerrling,kdoerrling3s@reverbnation.com,Male,187.203.229.142
138,Roderick,Elgee,relgee3t@about.com,Male,93.224.86.56
139,Amory,Delos,adelos3u@uol.com.br,Male,189.29.20.99
140,Dareen,Chattock,dchattock3v@tuttocitta.it,Female,93.232.21.25
141,Ophelie,Oxborrow,ooxborrow3w@jigsy.com,Female,38.169.81.223
142,Kincaid,Febry,kfebry3x@devhub.com,Male,55.251.221.186
143,Valentijn,Iwanicki,viwanicki3y@hp.com,Bigender,23.255.116.12
144,Leanor,De Luna,ldeluna3z@ted.com,Female,102.125.176.24
145,Raymond,Bartlet,rbartlet40@posterous.com,Male,81.164.21.151
146,Tansy,Lates,tlates41@foxnews.com,Female,150.51.60.133
147,Tymothy,Pear,tpear42@hostgator.com,Male,129.59.143.149
148,Welsh,Hancorn,whancorn43@livejournal.com,Male,76.255.99.186
149,Lorant,Witty,lwitty44@naver.com,Male,246.99.3.219
150,Remy,Waddie,rwaddie45@smh.com.au,Female,27.112.4.47
151,Lucky,Pettisall,lpettisall46@elegantthemes.com,Female,94.10.178.253
152,Leeland,Tolossi,ltolossi47@hatena.ne.jp,Male,97.103.5.83
153,Jorge,Cumberpatch,jcumberpatch48@pagesperso-orange.fr,Male,205.150.208.164
154,Catrina,Flatman,cflatman49@lulu.com,Female,185.187.73.69
155,Misti,Freeth,mfreeth4a@cam.ac.uk,Agender,140.208.160.252
156,Graham,Jakubovski,gjakubovski4b@domainmarket.com,Male,23.66.69.125
157,Gerhardt,Boodle,gboodle4c@mozilla.com,Male,153.103.135.195
158,Gennie,McClifferty,gmcclifferty4d@tripadvisor.com,Female,16.136.196.222
159,Lilllie,Melhuish,lmelhuish4e@jigsy.com,Female,150.117.37.54
160,Chip,Faulks,cfaulks4f@wikipedia.org,Male,231.98.12.102
161,Marius,O'Currane,mocurrane4g@ameblo.jp,Male,188.111.45.196
162,Vlad,Shorthouse,vshorthouse4h@ifeng.com,Male,130.143.166.54
163,Nikaniki,Hardwin,nhardwin4i@arizona.edu,Female,36.240.139.229
164,Pat,Straughan,pstraughan4j@ucoz.com,Polygender,199.28.31.10
165,Fran,Fandrich,ffandrich4k@usa.gov,Female,63.126.87.106
166,Alic,Vere,avere4l@infoseek.co.jp,Male,241.255.82.106
167,Evania,Gong,egong4m@yellowpages.com,Female,93.188.32.174
168,Pammie,Jobern,pjobern4n@networkadvertising.org,Female,166.202.74.96
169,Heddie,Dagworthy,hdagworthy4o@gizmodo.com,Female,164.137.130.65
170,Ethyl,Labes,elabes4p@usda.gov,Female,53.122.179.105
171,Jamie,Barabich,jbarabich4q@addthis.com,Female,156.24.223.27
172,Roman,Peniman,rpeniman4r@sciencedaily.com,Male,150.2.148.185
173,Robinett,Devorill,rdevorill4s@chron.com,Female,170.121.190.237
174,Jaye,Wakeham,jwakeham4t@amazon.co.jp,Male,60.21.246.195
175,Luisa,Adolfson,ladolfson4u@comsenz.com,Female,220.55.248.234
176,Heida,Lodemann,hlodemann4v@house.gov,Female,36.145.96.191
177,Constantino,Radke,cradke4w@histats.com,Male,39.2.32.183
178,Culley,Corneljes,ccorneljes4x@cisco.com,Male,50.68.57.72
179,Clark,Dionisi,cdionisi4y@columbia.edu,Male,97.128.14.83
180,Theresa,Konzel,tkonzel4z@ovh.net,Female,72.163.206.155
181,Jana,Sandars,jsandars50@netscape.com,Female,38.81.215.127
182,Shane,Korbmaker,skorbmaker51@china.com.cn,Female,42.198.113.78
183,Ernesto,Ferrige,eferrige52@bloglovin.com,Male,163.193.138.142
184,Doralynn,Gostling,dgostling53@domainmarket.com,Female,42.224.160.78
185,Muire,Du Barry,mdubarry54@home.pl,Female,197.145.167.70
186,Imelda,Bartomeu,ibartomeu55@unblog.fr,Female,168.79.4.177
187,Harli,Nann,hnann56@loc.gov,Female,223.135.137.248
188,Rosanne,Issac,rissac57@last.fm,Female,148.171.120.46
189,Lilith,Atheis,latheis58@google.co.jp,Female,169.58.179.17
190,Lyssa,Martinson,lmartinson59@bloomberg.com,Female,49.140.168.172
191,Olga,Lockney,olockney5a@youtu.be,Female,227.70.28.102
192,Tammy,MacIllrick,tmacillrick5b@nymag.com,Male,117.131.237.184
193,Ciel,Comerford,ccomerford5c@scientificamerican.com,Female,3.21.0.252
194,Marena,Trulock,mtrulock5d@purevolume.com,Female,97.127.68.31
195,Leonore,Zarfati,lzarfati5e@wired.com,Female,228.214.168.239
196,Ryon,MacAirt,rmacairt5f@google.ca,Male,234.216.231.10
197,Ruthie,Brookshaw,rbrookshaw5g@skype.com,Female,23.209.121.229
198,Davon,Petrasch,dpetrasch5h@trellian.com,Male,203.92.110.126
199,Jeana,Catonnet,jcatonnet5i@mayoclinic.com,Female,252.215.147.118
200,Elise,Dumbleton,edumbleton5j@networkadvertising.org,Female,136.237.33.157
201,Florrie,Derkes,fderkes5k@mapquest.com,Female,134.176.42.178
202,Rakel,Placstone,rplacstone5l@blogs.com,Female,132.83.14.123
203,Gus,Demelt,gdemelt5m@ifeng.com,Male,159.35.99.174
204,Vivienne,Iacobini,viacobini5n@auda.org.au,Bigender,8.136.93.174
205,Belia,Pechet,bpechet5o@rakuten.co.jp,Female,100.77.203.158
206,Eldon,Hexum,ehexum5p@europa.eu,Male,19.106.7.68
207,Brendis,Samet,bsamet5q@instagram.com,Male,234.149.32.133
208,Gayler,Shark,gshark5r@sbwire.com,Agender,38.191.246.4
209,Sayer,Faichney,sfaichney5s@ow.ly,Male,169.245.17.0
210,Aveline,Samme,asamme5t@salon.com,Female,82.141.201.79
211,Cassaundra,Mc Curlye,cmccurlye5u@mapquest.com,Female,96.114.25.126
212,Jamesy,Staynes,jstaynes5v@msu.edu,Male,130.222.146.139
213,Pollyanna,Ferres,pferres5w@canalblog.com,Agender,103.114.124.154
214,Annetta,Mowday,amowday5x@geocities.com,Female,101.190.223.56
215,Sean,St Pierre,sstpierre5y@salon.com,Female,218.49.5.222
216,Mareah,Novkovic,mnovkovic5z@psu.edu,Female,99.199.17.219
217,Rickie,Tune,rtune60@mit.edu,Polygender,183.101.136.248
218,Luca,Giblett,lgiblett61@macromedia.com,Male,201.151.244.239
219,Dov,Mitham,dmitham62@vimeo.com,Male,25.56.140.115
220,Cleve,Scadden,cscadden63@miibeian.gov.cn,Male,45.10.145.79
221,June,Lord,jlord64@newyorker.com,Female,15.223.145.54
222,Finn,Mokes,fmokes65@goodreads.com,Male,178.17.243.106
223,Rancell,Gadney,rgadney66@phoca.cz,Male,98.60.2.36
224,Cissy,Laxon,claxon67@blog.com,Female,182.206.223.63
225,Maudie,Blaisdell,mblaisdell68@studiopress.com,Female,144.192.179.54
226,Aubert,Hortop,ahortop69@xing.com,Male,232.195.189.40
227,Marjory,Alexsandrovich,malexsandrovich6a@yale.edu,Female,68.212.141.18
228,Sky,Votier,svotier6b@rambler.ru,Male,56.78.104.175
229,Walt,Deniscke,wdeniscke6c@ifeng.com,Male,104.39.42.241
230,Wally,Marran,wmarran6d@dropbox.com,Male,16.74.226.74
231,Chloette,Crinidge,ccrinidge6e@soundcloud.com,Female,238.170.212.106
232,Barn,Aloshkin,baloshkin6f@wix.com,Male,229.40.17.172
233,Jayson,Alenichev,jalenichev6g@guardian.co.uk,Male,70.106.111.21
234,Kermit,Petrashov,kpetrashov6h@mayoclinic.com,Male,234.178.52.158
235,Britta,Wingatt,bwingatt6i@oakley.com,Female,84.45.27.3
236,Haley,Zellmer,hzellmer6j@newyorker.com,Male,8.97.223.28
237,Dacia,Billie,dbillie6k@barnesandnoble.com,Female,233.119.47.34
238,Corrianne,Gludor,cgludor6l@wordpress.com,Agender,219.22.9.206
239,Archer,Zavattieri,azavattieri6m@examiner.com,Male,6.171.95.25
240,Arluene,Lacaze,alacaze6n@photobucket.com,Female,190.129.151.71
241,Corrie,Howell,chowell6o@soundcloud.com,Male,160.221.11.158
242,Kalli,Jarad,kjarad6p@china.com.cn,Female,45.224.131.125
243,Teddie,Karlik,tkarlik6q@abc.net.au,Male,170.191.95.215
244,Rina,Fyall,rfyall6r@jimdo.com,Genderfluid,139.154.87.222
245,Zara,Quare,zquare6s@cloudflare.com,Genderfluid,138.102.241.122
246,Normand,Prisley,nprisley6t@opensource.org,Male,246.104.119.69
247,Gabi,Lattimer,glattimer6u@technorati.com,Female,168.207.2.3
248,Donn,Cary,dcary6v@1688.com,Male,169.196.244.39
249,Michal,Daffern,mdaffern6w@pcworld.com,Female,30.197.29.230
250,Mariska,Djurdjevic,mdjurdjevic6x@creativecommons.org,Female,143.12.101.136
251,Lucian,Foyston,lfoyston6y@bbc.co.uk,Male,250.109.8.87
252,Florance,Verlinde,fverlinde6z@skype.com,Female,255.17.232.88
253,Amelie,D'Costa,adcosta70@cornell.edu,Female,233.229.26.138
254,Town,Keesman,tkeesman71@ebay.co.uk,Male,84.77.29.104
255,Wat,Pomery,wpomery72@bravesites.com,Male,177.210.166.119
256,Chance,Spadari,cspadari73@spiegel.de,Male,162.157.11.91
257,Erena,Kayser,ekayser74@mediafire.com,Female,62.201.0.244
258,Elli,Venton,eventon75@umich.edu,Female,64.236.112.113
259,Edd,Kenewel,ekenewel76@hhs.gov,Male,101.175.204.58
260,Regen,Featherstone,rfeatherstone77@auda.org.au,Male,243.167.129.28
261,Nydia,Carah,ncarah78@usnews.com,Female,51.163.163.208
262,Kylie,Dumigan,kdumigan79@adobe.com,Female,59.100.143.33
263,Clair,Helsby,chelsby7a@nsw.gov.au,Male,145.45.32.213
264,Lambert,Cree,lcree7b@t-online.de,Male,74.148.244.172
265,Quinton,Bartolomucci,qbartolomucci7c@purevolume.com,Genderfluid,243.78.99.101
266,Mallory,Serrier,mserrier7d@omniture.com,Female,9.92.62.31
267,Ulrica,Cleminson,ucleminson7e@furl.net,Female,52.115.255.147
268,Abbe,Ashbey,aashbey7f@ed.gov,Male,164.5.33.67
269,Sidney,Palfree,spalfree7g@reuters.com,Male,166.5.110.141
270,Berk,Dacks,bdacks7h@aboutads.info,Male,255.78.216.109
271,Carlotta,Pickersgill,cpickersgill7i@wunderground.com,Female,215.236.41.126
272,Shannon,Epsly,sepsly7j@hatena.ne.jp,Male,199.188.1.64
273,Deny,Tour,dtour7k@dyndns.org,Female,130.19.169.193
274,Felipa,Vollam,fvollam7l@chicagotribune.com,Genderqueer,253.20.83.199
275,Goddard,Wynrehame,gwynrehame7m@mayoclinic.com,Male,82.224.173.37
276,Idelle,Botterill,ibotterill7n@nydailynews.com,Female,152.127.245.227
277,Bink,Scobbie,bscobbie7o@google.es,Male,215.246.156.156
278,Nanci,Plomer,nplomer7p@hp.com,Female,90.30.105.60
279,Karilynn,Tocknell,ktocknell7q@nationalgeographic.com,Female,162.180.125.251
280,Egon,Drissell,edrissell7r@amazon.com,Male,189.144.79.59
281,Prentiss,Children,pchildren7s@ihg.com,Male,110.99.30.252
282,Edvard,Petrushka,epetrushka7t@who.int,Male,216.238.244.62
283,Willi,Bowcock,wbowcock7u@noaa.gov,Female,243.235.107.206
284,Anny,Smullen,asmullen7v@loc.gov,Female,198.231.130.190
285,Kylie,Haysey,khaysey7w@nih.gov,Male,23.183.223.203
286,Araldo,Scrine,ascrine7x@about.com,Male,197.77.47.206
287,Esmeralda,Hasker,ehasker7y@macromedia.com,Female,238.34.72.37
288,Helene,Grigorescu,hgrigorescu7z@zdnet.com,Genderqueer,169.247.143.247
289,Jolie,Shevels,jshevels80@cyberchimps.com,Female,141.18.160.152
290,Goddart,McKew,gmckew81@github.com,Male,57.165.104.38
291,Gerda,Itzkov,gitzkov82@pbs.org,Female,60.156.188.65
292,Judd,Abrahamovitz,jabrahamovitz83@hhs.gov,Male,198.150.168.195
293,Elmore,Theml,etheml84@ucoz.ru,Male,228.22.241.217
294,Marie-jeanne,Maysor,mmaysor85@macromedia.com,Non-binary,251.53.147.156
295,Cheri,Theuff,ctheuff86@imageshack.us,Female,244.105.164.46
296,Dall,Bolderoe,dbolderoe87@opensource.org,Male,132.57.107.184
297,Liva,Blakey,lblakey88@cornell.edu,Female,117.143.95.19
298,Richy,Whatson,rwhatson89@seattletimes.com,Male,75.76.135.203
299,Kipper,Limer,klimer8a@lulu.com,Male,111.89.145.243
300,Marketa,Lundbeck,mlundbeck8b@earthlink.net,Female,196.225.46.43
301,Basil,Jefferys,bjefferys8c@salon.com,Male,121.213.2.204
302,Toby,McCutheon,tmccutheon8d@apple.com,Male,87.229.242.168
303,Bradly,Rayburn,brayburn8e@fotki.com,Male,9.225.89.208
304,Allie,Wasselin,awasselin8f@taobao.com,Male,110.172.173.231
305,Sterne,Statter,sstatter8g@utexas.edu,Male,242.106.120.183
306,Hayes,Heady,hheady8h@hp.com,Polygender,211.153.26.165
307,Granthem,Cogman,gcogman8i@jugem.jp,Male,124.145.193.168
308,Pall,Middlemist,pmiddlemist8j@delicious.com,Male,162.93.243.77
309,Guillermo,Mandrake,gmandrake8k@uiuc.edu,Male,39.180.208.225
310,Manfred,Glasard,mglasard8l@scientificamerican.com,Male,122.88.245.220
311,Augustina,Aimeric,aaimeric8m@macromedia.com,Female,100.52.143.186
312,Titus,Favey,tfavey8n@nifty.com,Male,117.109.37.72
313,Micah,Brightwell,mbrightwell8o@home.pl,Male,124.140.151.212
314,Devondra,Ludford,dludford8p@soundcloud.com,Female,241.4.133.207
315,Siouxie,Howson,showson8q@nytimes.com,Female,172.27.70.237
316,Joni,Oels,joels8r@google.pl,Female,7.95.146.225
317,Silvie,Verna,sverna8s@ycombinator.com,Female,134.159.245.55
318,Dannye,Gaddas,dgaddas8t@etsy.com,Female,195.104.237.28
319,Glennie,Duffett,gduffett8u@fda.gov,Non-binary,154.129.146.14
320,Iolande,Henworth,ihenworth8v@guardian.co.uk,Female,10.169.16.36
321,Simonette,Vaszoly,svaszoly8w@networksolutions.com,Female,34.152.47.72
322,Stefano,Scolland,sscolland8x@hatena.ne.jp,Male,20.146.130.60
323,Prissie,Yurikov,pyurikov8y@qq.com,Female,24.243.215.132
324,Zack,Gounard,zgounard8z@redcross.org,Male,99.232.243.224
325,Rossy,Putten,rputten90@slideshare.net,Male,114.77.133.130
326,Orel,McNeish,omcneish91@mtv.com,Female,223.85.106.240
327,Morly,Phippin,mphippin92@washingtonpost.com,Male,105.181.243.87
328,Veradis,Caslett,vcaslett93@gov.uk,Female,126.126.134.173
329,Inigo,Morefield,imorefield94@ow.ly,Male,188.197.178.227
330,Jana,Bonner,jbonner95@kickstarter.com,Female,177.39.202.72
331,Maxy,McTague,mmctague96@webs.com,Polygender,39.35.22.127
332,Garner,Margetson,gmargetson97@google.co.uk,Male,89.163.83.160
333,Bethanne,Rodell,brodell98@networksolutions.com,Genderqueer,104.150.155.144
334,Mame,Weald,mweald99@seattletimes.com,Female,29.5.151.21
335,Richart,Cristofari,rcristofari9a@go.com,Male,247.211.164.161
336,Tadd,Filipponi,tfilipponi9b@elegantthemes.com,Agender,121.117.81.88
337,Francklin,Phelipeau,fphelipeau9c@pcworld.com,Male,235.23.93.139
338,Mandel,Wardingly,mwardingly9d@tiny.cc,Male,40.242.169.58
339,Bunny,Gedge,bgedge9e@dailymotion.com,Female,155.199.83.56
340,Sheridan,Sparke,ssparke9f@squidoo.com,Male,57.63.27.214
341,Lock,Shipman,lshipman9g@amazon.co.jp,Male,80.56.125.138
342,Dayna,Isacke,disacke9h@github.com,Female,84.225.252.97
343,Chrysler,Cogan,ccogan9i@indiatimes.com,Female,18.211.79.19
344,Jock,Caughey,jcaughey9j@miitbeian.gov.cn,Male,44.139.222.201
345,Fabe,Speares,fspeares9k@wordpress.org,Male,195.129.215.40
346,Nels,Izzatt,nizzatt9l@dropbox.com,Male,131.85.140.214
347,Jobyna,Ashdown,jashdown9m@hhs.gov,Female,232.19.37.224
348,Faulkner,Aldrick,faldrick9n@discovery.com,Male,44.187.30.174
349,Eugenio,Verheijden,everheijden9o@altervista.org,Male,40.141.109.166
350,Demott,Selkirk,dselkirk9p@woothemes.com,Male,242.165.220.10
351,Hinda,Grinnov,hgrinnov9q@g.co,Female,183.17.135.82
352,Page,Quarton,pquarton9r@slideshare.net,Male,111.31.174.176
353,Bethanne,Hebbs,bhebbs9s@mlb.com,Female,30.154.189.63
354,Yetta,Gagie,ygagie9t@meetup.com,Female,25.37.54.130
355,Lowrance,Deane,ldeane9u@sourceforge.net,Male,58.50.147.2
356,Bordie,Fontaine,bfontaine9v@drupal.org,Genderqueer,246.211.254.173
357,Manon,Frodsam,mfrodsam9w@seattletimes.com,Female,11.246.34.140
358,Tiebold,Steventon,tsteventon9x@japanpost.jp,Male,208.159.249.153
359,Garald,Bandey,gbandey9y@dedecms.com,Male,63.33.202.242
360,Aline,Moseley,amoseley9z@rambler.ru,Female,181.52.126.90
361,Lauryn,Stickney,lstickneya0@yolasite.com,Female,212.243.112.196
362,Tracie,Weatherdon,tweatherdona1@reddit.com,Male,40.252.21.225
363,Simonette,Knath,sknatha2@un.org,Female,210.44.196.89
364,Bryant,Binnes,bbinnesa3@marriott.com,Male,185.66.245.53
365,Sibilla,Swayne,sswaynea4@xing.com,Female,128.159.21.239
366,Roddy,McCome,rmccomea5@nationalgeographic.com,Male,128.251.71.81
367,Rahel,Sille,rsillea6@nifty.com,Female,183.63.141.3
368,Jaynell,Topham,jtophama7@dmoz.org,Polygender,89.84.65.34
369,Natale,Geater,ngeatera8@bbb.org,Male,44.49.221.71
370,Stephanie,Jereatt,sjereatta9@chicagotribune.com,Female,206.114.201.203
371,Candice,Courtese,ccourteseaa@friendfeed.com,Female,194.160.159.79
372,Reena,Lorey,rloreyab@vistaprint.com,Female,180.8.63.169
373,Wandis,Ferson,wfersonac@howstuffworks.com,Female,87.196.174.235
374,Alida,Dahlberg,adahlbergad@bbc.co.uk,Female,31.179.10.246
375,Annabela,Warbeys,awarbeysae@sbwire.com,Female,147.131.141.140
376,Booth,Rioch,briochaf@exblog.jp,Male,54.125.205.180
377,Yancey,Read,yreadag@yelp.com,Male,141.116.166.56
378,Marthe,Suddell,msuddellah@geocities.jp,Female,20.86.52.38
379,Amalee,Prickett,aprickettai@example.com,Female,136.57.204.116
380,Nance,Hiland,nhilandaj@wikia.com,Female,95.241.97.63
381,Corly,Downie,cdownieak@jugem.jp,Non-binary,21.129.243.202
382,Zabrina,Avrahamian,zavrahamianal@t-online.de,Female,30.118.198.146
383,Onofredo,Metson,ometsonam@bizjournals.com,Male,139.20.70.182
384,Nonie,Pallent,npallentan@fda.gov,Female,100.120.24.15
385,Lolita,Goard,lgoardao@un.org,Female,22.14.92.119
386,Ansell,Keyzor,akeyzorap@paypal.com,Male,172.249.233.238
387,Ram,Biasetti,rbiasettiaq@springer.com,Male,205.77.229.234
388,Bennie,Heighton,bheightonar@dedecms.com,Agender,240.213.157.224
389,Corrianne,Ruzic,cruzicas@mayoclinic.com,Female,243.122.174.244
390,Kylie,Leger,klegerat@sciencedirect.com,Male,152.175.150.32
391,Isac,Zealey,izealeyau@twitter.com,Male,104.189.208.26
392,Reeba,Pfaffe,rpfaffeav@economist.com,Female,23.56.37.137
393,Nesta,Strahan,nstrahanaw@answers.com,Female,255.140.139.243
394,Appolonia,Sheridan,asheridanax@alibaba.com,Female,135.239.9.39
395,Caz,Dawidsohn,cdawidsohnay@123-reg.co.uk,Male,2.218.246.37
396,Javier,MacGilfoyle,jmacgilfoyleaz@dedecms.com,Male,4.150.16.77
397,Xena,Masseo,xmasseob0@ow.ly,Female,21.120.232.46
398,Andria,Lodford,alodfordb1@biglobe.ne.jp,Female,116.64.100.204
399,Gregoor,Proudley,gproudleyb2@shop-pro.jp,Male,14.124.122.105
400,Claudianus,Silverwood,csilverwoodb3@google.es,Male,129.55.24.82
401,Colas,Cosgrave,ccosgraveb4@washingtonpost.com,Male,222.190.193.18
402,Geri,Cumbers,gcumbersb5@apple.com,Female,204.228.36.192
403,Estella,Fildery,efilderyb6@google.com.hk,Female,134.48.54.201
404,Sofia,Cuchey,scucheyb7@upenn.edu,Female,212.207.102.76
405,Dani,Capponer,dcapponerb8@symantec.com,Female,40.89.139.196
406,Kimberli,Croxley,kcroxleyb9@engadget.com,Female,115.201.240.222
407,Verney,Woolis,vwoolisba@apple.com,Male,102.74.225.178
408,Allissa,Rodder,arodderbb@people.com.cn,Female,21.152.249.142
409,Lorelei,Menhenitt,lmenhenittbc@salon.com,Female,211.94.89.41
410,Edi,Hargate,ehargatebd@unc.edu,Female,144.36.162.56
411,Bailey,Deacock,bdeacockbe@paypal.com,Male,149.249.97.211
412,Ulick,Bisset,ubissetbf@nydailynews.com,Male,171.109.224.76
413,Torrin,Geram,tgerambg@odnoklassniki.ru,Bigender,228.201.191.120
414,Clemmy,Standfield,cstandfieldbh@yahoo.co.jp,Female,215.20.119.56
415,Marcelia,Peele,mpeelebi@lycos.com,Female,151.148.109.90
416,Lorenzo,Glasman,lglasmanbj@biglobe.ne.jp,Male,80.156.17.95
417,Ralph,Bauman,rbaumanbk@aol.com,Male,125.138.90.251
418,Lotte,Treanor,ltreanorbl@icio.us,Female,183.56.116.85
419,Thorsten,Gilbody,tgilbodybm@ow.ly,Male,247.206.5.162
420,Desmund,Kleeborn,dkleebornbn@amazon.co.uk,Male,45.239.35.105
421,Jameson,Foston,jfostonbo@cam.ac.uk,Male,75.182.141.37
422,Rob,Jakubowski,rjakubowskibp@diigo.com,Male,227.123.68.81
423,Pail,Bilton,pbiltonbq@hibu.com,Non-binary,23.120.222.103
424,Abigael,Flaune,aflaunebr@storify.com,Female,29.251.237.186
425,Elsy,Matessian,ematessianbs@oakley.com,Female,82.176.116.245
426,Roddie,McConaghy,rmcconaghybt@state.gov,Male,108.237.68.126
427,Mariejeanne,Mebius,mmebiusbu@msu.edu,Female,21.37.214.227
428,Griff,Gilbee,ggilbeebv@ted.com,Polygender,141.105.93.28
429,Ruthanne,Keaveny,rkeavenybw@bandcamp.com,Female,169.24.159.71
430,Bobinette,Creaven,bcreavenbx@multiply.com,Female,139.58.97.3
431,Lucky,Sallings,lsallingsby@rambler.ru,Female,72.170.199.6
432,Alyse,McVicar,amcvicarbz@ask.com,Female,155.202.93.80
433,Madel,Keaves,mkeavesc0@discuz.net,Female,243.81.26.108
434,Dorelle,Brimman,dbrimmanc1@bloomberg.com,Female,249.191.225.80
435,Ofelia,Spincks,ospincksc2@xinhuanet.com,Female,167.183.175.66
436,Retha,Holberry,rholberryc3@ebay.co.uk,Genderfluid,139.251.153.117
437,Catlee,Gillebride,cgillebridec4@sphinn.com,Female,29.72.138.15
438,Kessia,Standley,kstandleyc5@wikia.com,Female,144.159.134.66
439,Mallory,Garr,mgarrc6@aboutads.info,Male,172.21.181.154
440,Taryn,Conman,tconmanc7@craigslist.org,Genderfluid,86.250.215.65
441,Moria,Nester,mnesterc8@who.int,Non-binary,214.75.238.175
442,Andras,Farnaby,afarnabyc9@mit.edu,Male,135.199.66.177
443,Joela,Louch,jlouchca@cargocollective.com,Female,76.37.212.179
444,Verney,Coate,vcoatecb@pbs.org,Male,248.210.131.117
445,Morten,Bompass,mbompasscc@va.gov,Male,151.14.85.110
446,Buckie,Helkin,bhelkincd@over-blog.com,Male,105.108.253.15
447,Sheeree,Crockford,scrockfordce@elpais.com,Female,198.203.149.2
448,Alissa,Linge,alingecf@ustream.tv,Female,18.140.151.79
449,Anabella,McChruiter,amcchruitercg@mashable.com,Female,233.199.4.13
450,Flossy,Aykroyd,faykroydch@fc2.com,Female,139.116.111.87
451,Sioux,Camilletti,scamillettici@unicef.org,Female,129.212.145.145
452,Doralin,Morbey,dmorbeycj@reference.com,Female,143.236.206.55
453,Fransisco,Robbings,frobbingsck@wikispaces.com,Male,223.51.11.75
454,Justus,Hay,jhaycl@photobucket.com,Male,151.52.144.226
455,Carmina,Keoghane,ckeoghanecm@vk.com,Female,53.234.203.34
456,Valina,Lackinton,vlackintoncn@columbia.edu,Female,139.171.39.55
457,Micky,O'Duilleain,moduilleainco@princeton.edu,Male,207.30.191.69
458,Magdalena,Simester,msimestercp@xinhuanet.com,Female,10.78.225.15
459,Denis,Mateuszczyk,dmateuszczykcq@discovery.com,Agender,24.231.199.97
460,Ashia,Alessandrelli,aalessandrellicr@i2i.jp,Female,56.37.137.131
461,Celka,Pember,cpembercs@paginegialle.it,Female,106.141.128.80
462,Ailey,Jenkison,ajenkisonct@unblog.fr,Female,87.190.230.35
463,Whitaker,Saffon,wsaffoncu@dmoz.org,Male,179.207.212.30
464,Lannie,Bontine,lbontinecv@opera.com,Male,137.8.113.255
465,Georg,MacKean,gmackeancw@thetimes.co.uk,Male,210.107.176.231
466,Magnum,Bonnavant,mbonnavantcx@yolasite.com,Male,151.88.195.88
467,Janette,Keedwell,jkeedwellcy@barnesandnoble.com,Female,156.175.213.100
468,Artie,Mitchelmore,amitchelmorecz@cnn.com,Male,172.244.108.25
469,Georgianne,Stickley,gstickleyd0@eepurl.com,Female,120.210.142.190
470,Martie,Le Moucheux,mlemoucheuxd1@google.ru,Male,70.163.21.199
471,Dedie,Broadey,dbroadeyd2@hibu.com,Female,98.39.105.72
472,Amargo,Ling,alingd3@wikipedia.org,Female,184.241.210.173
473,Kellyann,McAvin,kmcavind4@google.es,Genderfluid,157.10.162.220
474,Doralia,Mackerness,dmackernessd5@pbs.org,Non-binary,167.231.64.86
475,Andromache,Baukham,abaukhamd6@miitbeian.gov.cn,Female,109.105.79.48
476,Nealon,Penticoot,npenticootd7@cafepress.com,Male,137.65.175.22
477,Cooper,Di Francecshi,cdifrancecshid8@fda.gov,Male,248.138.251.20
478,Jocko,Mountfort,jmountfortd9@youtu.be,Male,152.54.124.31
479,Kali,Blumer,kblumerda@cloudflare.com,Female,57.135.95.210
480,Kahlil,Faughny,kfaughnydb@disqus.com,Male,35.98.98.183
481,Isidor,Smallthwaite,ismallthwaitedc@list-manage.com,Male,187.24.237.218
482,Sonnie,Keddle,skeddledd@stumbleupon.com,Female,169.196.104.69
483,Tisha,McGrouther,tmcgroutherde@theatlantic.com,Female,162.64.33.89
484,Lorry,Coite,lcoitedf@mozilla.com,Female,67.239.39.164
485,Bondy,Gooley,bgooleydg@statcounter.com,Male,158.96.157.129
486,Arly,Alans,aalansdh@unc.edu,Female,98.96.251.148
487,Aube,Schade,aschadedi@nasa.gov,Male,223.216.86.227
488,Dasie,MacLoughlin,dmacloughlindj@walmart.com,Female,54.110.214.198
489,Missie,Petrescu,mpetrescudk@businesswire.com,Female,191.145.51.110
490,Klaus,Smidmoor,ksmidmoordl@mac.com,Male,73.255.2.134
491,Drucill,Creebo,dcreebodm@drupal.org,Female,140.124.143.203
492,Thorpe,Matton,tmattondn@hibu.com,Male,102.235.224.61
493,Hadrian,Husby,hhusbydo@uiuc.edu,Male,250.111.81.173
494,Curt,Hornbuckle,chornbuckledp@elpais.com,Male,173.172.102.150
495,Britte,Kunkel,bkunkeldq@illinois.edu,Polygender,145.93.214.154
496,Marina,Joicey,mjoiceydr@vimeo.com,Female,94.12.182.119
497,Sasha,Mistry,smistryds@reverbnation.com,Male,192.151.150.96
498,Frankie,Almeida,falmeidadt@vistaprint.com,Female,51.83.65.205
499,Carly,Cammidge,ccammidgedu@hao123.com,Female,171.206.38.164
500,Curtis,Harkness,charknessdv@nasa.gov,Male,38.18.94.86
501,Lenci,Lowensohn,llowensohndw@umich.edu,Male,145.195.120.39
502,Wylma,Mayhead,wmayheaddx@privacy.gov.au,Female,140.142.3.109
503,Lorilyn,Dowdney,ldowdneydy@umich.edu,Female,82.56.197.235
504,Otto,McCallam,omccallamdz@marketwatch.com,Male,79.228.146.245
505,Tova,Escot,tescote0@ask.com,Female,173.76.80.84
506,Hali,Pharro,hpharroe1@mit.edu,Female,232.115.32.114
507,Madelene,Alenichev,malenicheve2@vkontakte.ru,Female,92.44.240.70
508,Annmaria,Thames,athamese3@deviantart.com,Bigender,143.247.149.82
509,Willamina,Runcieman,wrunciemane4@taobao.com,Female,10.77.49.16
510,Tarrah,Kittiman,tkittimane5@globo.com,Female,95.253.40.95
511,Cory,Aronstein,caronsteine6@scribd.com,Male,196.27.51.147
512,Feliks,Barthot,fbarthote7@mysql.com,Male,88.112.215.172
513,Reeva,Paolazzi,rpaolazzie8@com.com,Female,146.76.60.52
514,Vasily,Stoffer,vstoffere9@patch.com,Male,88.227.194.124
515,Margaretha,Benedicto,mbenedictoea@canalblog.com,Female,165.219.12.119
516,Corine,Gilcriest,cgilcriesteb@trellian.com,Female,18.26.254.222
517,Lance,Fayne,lfayneec@apache.org,Male,169.235.207.134
518,Rosalind,Filpo,rfilpoed@comcast.net,Female,34.4.20.110
519,Vernon,Sauvain,vsauvainee@ebay.co.uk,Male,179.146.50.58
520,Kattie,Ricks,kricksef@earthlink.net,Female,194.3.154.59
521,Margarete,Flay,mflayeg@dedecms.com,Female,29.167.226.101
522,Benton,Beddis,bbeddiseh@hostgator.com,Agender,164.249.223.163
523,Brinn,Twyning,btwyningei@google.ru,Female,59.215.193.227
524,Mariana,Arnowitz,marnowitzej@sphinn.com,Polygender,212.248.237.123
525,Amandie,Mathieson,amathiesonek@twitpic.com,Female,162.72.23.63
526,Adda,Keatch,akeatchel@hud.gov,Bigender,57.111.244.222
527,Sam,Beau,sbeauem@constantcontact.com,Male,26.22.136.17
528,Annette,Date,adateen@hud.gov,Female,245.192.212.221
529,Cristian,Goodison,cgoodisoneo@marriott.com,Male,246.19.64.99
530,Andrej,Bensley,abensleyep@multiply.com,Male,10.50.149.151
531,Sherilyn,Etuck,setuckeq@posterous.com,Female,253.130.11.91
532,Carry,Sperrett,csperretter@fotki.com,Female,129.62.0.223
533,Vasili,Nunnerley,vnunnerleyes@ovh.net,Polygender,171.37.52.4
534,Uri,Phare,uphareet@japanpost.jp,Male,208.67.128.219
535,Hercule,Edmondson,hedmondsoneu@yandex.ru,Male,194.57.205.211
536,Tally,Frigout,tfrigoutev@hexun.com,Female,34.150.88.1
537,Tersina,Dowber,tdowberew@adobe.com,Female,49.115.72.239
538,Bab,Kovelmann,bkovelmannex@dailymail.co.uk,Female,161.47.66.108
539,Sargent,Cantle,scantleey@cdbaby.com,Male,225.68.6.64
540,Daniel,Lightbourne,dlightbourneez@yelp.com,Male,83.173.225.244
541,Carlotta,Pirson,cpirsonf0@examiner.com,Female,24.245.67.1
542,Jaquelin,Grigorushkin,jgrigorushkinf1@phoca.cz,Female,172.230.253.25
543,Gillan,Chinnock,gchinnockf2@sphinn.com,Female,65.198.226.157
544,Ciro,Trever,ctreverf3@exblog.jp,Male,68.48.51.137
545,Craggie,Binder,cbinderf4@tuttocitta.it,Male,202.249.207.150
546,Lorri,Tinton,ltintonf5@behance.net,Female,134.15.126.234
547,Regine,Mattisssen,rmattisssenf6@ucoz.ru,Female,91.200.157.15
548,Analise,Mourge,amourgef7@uiuc.edu,Female,76.137.186.155
549,Jobie,Sekulla,jsekullaf8@phoca.cz,Female,89.2.3.245
550,Kurtis,Watt,kwattf9@dagondesign.com,Male,15.89.194.105
551,Shandie,Treker,strekerfa@reverbnation.com,Female,252.161.15.49
552,Sharona,Clemmow,sclemmowfb@shinystat.com,Female,163.104.199.100
553,Elsbeth,Townend,etownendfc@imdb.com,Female,232.186.112.23
554,Ahmed,Saket,asaketfd@usnews.com,Male,46.252.66.53
555,Braden,Pateman,bpatemanfe@yellowbook.com,Male,138.95.48.232
556,Ravi,Minchell,rminchellff@blogs.com,Male,51.15.130.180
557,Ignace,Sergent,isergentfg@unc.edu,Male,167.110.27.120
558,Blondelle,Lisle,blislefh@tmall.com,Genderqueer,85.204.254.100
559,Tommie,Janata,tjanatafi@tiny.cc,Male,150.208.222.80
560,Stafford,Curtois,scurtoisfj@clickbank.net,Male,202.56.61.25
561,Ferrel,Hamshaw,fhamshawfk@dot.gov,Male,48.166.88.114
562,Flynn,Yedy,fyedyfl@nytimes.com,Male,7.187.238.246
563,Jinny,Cosford,jcosfordfm@smugmug.com,Female,64.235.102.87
564,Corney,Dickins,cdickinsfn@slate.com,Male,192.170.32.204
565,Garwin,Benzie,gbenziefo@uiuc.edu,Male,125.12.148.44
566,Stevy,Doughtery,sdoughteryfp@prlog.org,Male,98.124.136.95
567,Horatia,Ebbles,hebblesfq@mac.com,Female,103.87.189.130
568,Steve,Corselles,scorsellesfr@cnn.com,Male,101.77.141.16
569,Raye,Dacres,rdacresfs@rediff.com,Female,246.121.195.187
570,Gina,Seydlitz,gseydlitzft@unc.edu,Female,25.217.193.225
571,Rogers,Loxston,rloxstonfu@live.com,Male,98.170.188.243
572,Niels,Bundock,nbundockfv@berkeley.edu,Bigender,236.194.49.55
573,Carlie,Soloway,csolowayfw@privacy.gov.au,Female,58.180.92.176
574,Jaimie,Geerling,jgeerlingfx@twitpic.com,Female,203.58.77.120
575,Lauren,McKean,lmckeanfy@aol.com,Male,192.97.220.125
576,Dene,Skipper,dskipperfz@blogger.com,Male,0.77.137.215
577,Camala,Pietrasik,cpietrasikg0@youku.com,Female,83.196.60.6
578,Roldan,Calton,rcaltong1@tripod.com,Male,187.198.242.43
579,Christye,Enga,cengag2@vinaora.com,Female,139.169.3.209
580,Ariella,Orgee,aorgeeg3@mtv.com,Female,187.135.67.99
581,Siouxie,Potebury,spoteburyg4@who.int,Female,40.146.62.30
582,Zacharie,Kellet,zkelletg5@flickr.com,Male,92.244.200.48
583,Kelsey,Harg,khargg6@ed.gov,Female,23.27.177.169
584,April,Mion,amiong7@google.es,Female,116.242.138.84
585,Alice,Massimi,amassimig8@google.ca,Female,45.82.76.122
586,Francesco,Storey,fstoreyg9@tinyurl.com,Genderfluid,146.160.187.14
587,Reagan,Tommasuzzi,rtommasuzziga@ocn.ne.jp,Male,179.105.176.194
588,Matthias,Kenny,mkennygb@google.cn,Male,157.40.85.83
589,Sander,Dunn,sdunngc@imgur.com,Male,236.42.223.198
590,Elenore,Vedeneev,evedeneevgd@businessweek.com,Genderfluid,237.58.100.157
591,Shandra,Sturzaker,ssturzakerge@google.com.au,Female,50.125.197.92
592,Katinka,Eddoes,keddoesgf@indiatimes.com,Female,127.251.155.247
593,Jania,Machon,jmachongg@scientificamerican.com,Female,134.134.243.226
594,Dar,Linay,dlinaygh@a8.net,Male,14.64.19.39
595,Ursola,Crosthwaite,ucrosthwaitegi@icio.us,Female,22.7.69.149
596,Isidora,Calliss,icallissgj@omniture.com,Female,103.151.133.33
597,Otes,Kuhle,okuhlegk@epa.gov,Male,101.53.206.74
598,Abbie,Willingale,awillingalegl@sourceforge.net,Male,104.253.73.231
599,Micky,Cavanagh,mcavanaghgm@state.tx.us,Female,2.18.157.28
600,Knox,Lifsey,klifseygn@newsvine.com,Male,105.200.85.102
601,Clair,Jandak,cjandakgo@goo.ne.jp,Male,183.233.137.18
602,Sargent,Thurbon,sthurbongp@mediafire.com,Male,221.232.116.85
603,Reg,Fautley,rfautleygq@domainmarket.com,Male,136.109.234.71
604,Gawen,Hartshorne,ghartshornegr@oakley.com,Male,171.70.214.180
605,Rosalind,Lafoy,rlafoygs@mozilla.com,Female,19.129.186.168
606,Marve,Fearey,mfeareygt@alibaba.com,Polygender,168.122.217.80
607,Jermayne,Cutting,jcuttinggu@etsy.com,Male,10.142.121.227
608,Kevina,Tunnick,ktunnickgv@sun.com,Female,235.32.88.182
609,Zerk,Gopsell,zgopsellgw@cornell.edu,Male,51.105.9.132
610,Christa,Drewery,cdrewerygx@rakuten.co.jp,Female,192.191.186.110
611,Mal,Prebble,mprebblegy@hexun.com,Genderfluid,231.14.178.83
612,Rik,Antliff,rantliffgz@cbc.ca,Male,144.46.77.190
613,Engracia,Beney,ebeneyh0@gravatar.com,Female,196.163.233.171
614,Ellynn,Velde,eveldeh1@dedecms.com,Female,241.77.36.249
615,Rudiger,Gabbett,rgabbetth2@illinois.edu,Male,46.146.11.234
616,Jess,Radleigh,jradleighh3@washington.edu,Bigender,247.50.89.58
617,Fredrick,Sneaker,fsneakerh4@studiopress.com,Non-binary,253.87.109.144
618,Rog,O'Hanley,rohanleyh5@weather.com,Male,40.253.50.85
619,Meaghan,Shanahan,mshanahanh6@skyrock.com,Female,177.51.54.166
620,Tildy,Fownes,tfownesh7@netlog.com,Genderfluid,231.126.174.169
621,Anthia,Kunzelmann,akunzelmannh8@biblegateway.com,Female,73.0.177.32
622,Claybourne,Rubega,crubegah9@dmoz.org,Male,249.72.28.198
623,Trudie,Erdis,terdisha@jimdo.com,Female,201.43.215.184
624,Marketa,Gurrado,mgurradohb@123-reg.co.uk,Genderfluid,84.153.38.84
625,Janek,Jeannon,jjeannonhc@engadget.com,Male,18.198.222.237
626,Benedict,Ive,bivehd@t.co,Male,69.178.181.44
627,Celinda,Bailiss,cbailisshe@cisco.com,Female,99.209.0.88
628,Zuzana,Dykes,zdykeshf@ebay.co.uk,Female,124.165.228.37
629,Carlie,Marquot,cmarquothg@google.com.au,Male,34.195.144.20
630,Alanson,Trustie,atrustiehh@vistaprint.com,Male,160.128.187.173
631,Elsa,Lathwell,elathwellhi@howstuffworks.com,Female,130.245.4.11
632,Sheilakathryn,Fike,sfikehj@shop-pro.jp,Female,236.213.17.138
633,Trstram,Kluge,tklugehk@wikia.com,Male,91.233.255.214
634,Elnar,Fanti,efantihl@imdb.com,Male,5.206.87.33
635,Arabella,Balch,abalchhm@tamu.edu,Female,142.31.94.136
636,Corenda,Moxham,cmoxhamhn@shop-pro.jp,Female,255.166.126.199
637,Marena,Wherrett,mwherrettho@moonfruit.com,Female,140.107.190.34
638,Jard,Vaney,jvaneyhp@economist.com,Male,115.186.252.1
639,Donnie,Paddle,dpaddlehq@so-net.ne.jp,Female,189.43.231.49
640,Hewett,Corneljes,hcorneljeshr@deviantart.com,Agender,230.132.84.29
641,Kristofor,Iuorio,kiuoriohs@csmonitor.com,Male,242.100.53.58
642,Irvin,Leftbridge,ileftbridgeht@mlb.com,Male,188.99.196.161
643,Salvidor,Droghan,sdroghanhu@nsw.gov.au,Male,8.68.60.61
644,Hedvig,Hardistry,hhardistryhv@tmall.com,Female,225.41.244.221
645,Mervin,Claw,mclawhw@sphinn.com,Male,125.225.74.118
646,Kimberli,Pashley,kpashleyhx@jugem.jp,Female,44.22.233.31
647,Winona,Slade,wsladehy@homestead.com,Bigender,163.195.152.88
648,Vinny,Yosifov,vyosifovhz@yellowpages.com,Polygender,204.79.251.29
649,Hunt,Denne,hdennei0@go.com,Male,52.112.97.130
650,Earvin,Mundford,emundfordi1@about.me,Male,149.172.228.108
651,Marley,Dodshun,mdodshuni2@blogs.com,Female,221.188.150.65
652,Ardath,Klesel,akleseli3@over-blog.com,Female,39.22.167.158
653,Giorgio,Huntar,ghuntari4@redcross.org,Male,111.49.217.222
654,Anders,Rodmell,arodmelli5@eventbrite.com,Male,113.50.92.244
655,Rea,Wakley,rwakleyi6@netscape.com,Female,96.112.3.237
656,Miles,Spragge,mspraggei7@nps.gov,Male,21.203.99.238
657,Raeann,Aimable,raimablei8@usda.gov,Female,144.23.197.13
658,Florri,Gotfrey,fgotfreyi9@nih.gov,Agender,1.82.138.169
659,Camel,Rugg,cruggia@ibm.com,Female,123.76.8.26
660,Travis,Shillom,tshillomib@goodreads.com,Male,166.114.250.200
661,Theodoric,Askew,taskewic@state.gov,Male,76.150.103.189
662,Eadie,Trew,etrewid@ifeng.com,Female,199.32.109.168
663,Fionnula,Idel,fidelie@dailymail.co.uk,Female,134.194.215.103
664,Niall,Cossey,ncosseyif@cisco.com,Male,171.21.168.34
665,Herby,Serle,hserleig@flavors.me,Male,124.13.132.17
666,Erinna,de Clerq,edeclerqih@princeton.edu,Female,128.100.54.34
667,Marietta,Gillian,mgillianii@buzzfeed.com,Male,34.193.120.124
668,Aila,Caulket,acaulketij@abc.net.au,Female,194.185.10.163
669,Lorena,Applegarth,lapplegarthik@irs.gov,Female,71.236.16.205
670,Lesley,Bainbrigge,lbainbriggeil@gizmodo.com,Male,162.43.155.135
671,Earlie,Kuhnt,ekuhntim@patch.com,Male,73.149.158.148
672,Stacey,Larrie,slarriein@bizjournals.com,Female,35.220.176.71
673,Brett,Shilito,bshilitoio@disqus.com,Male,23.121.28.219
674,Glori,Vanne,gvanneip@facebook.com,Female,61.45.61.151
675,Whitaker,Cauley,wcauleyiq@senate.gov,Genderfluid,233.234.111.0
676,Ty,Jedrachowicz,tjedrachowiczir@buzzfeed.com,Male,53.118.19.22
677,Gustaf,Holley,gholleyis@pbs.org,Male,125.238.156.157
678,Cordie,Fitter,cfitterit@spiegel.de,Male,55.90.130.73
679,Kingston,Jurisic,kjurisiciu@google.pl,Male,51.216.7.231
680,Anthony,Ivushkin,aivushkiniv@senate.gov,Male,249.7.3.56
681,Merry,Dimmer,mdimmeriw@mashable.com,Genderfluid,50.255.228.178
682,Ilaire,Simper,isimperix@phpbb.com,Male,23.109.146.116
683,Birk,Haysar,bhaysariy@salon.com,Male,81.249.117.198
684,Aliza,Walpole,awalpoleiz@virginia.edu,Female,229.211.107.173
685,Dorella,Haugeh,dhaugehj0@slashdot.org,Female,244.210.228.227
686,Marietta,Cowpland,mcowplandj1@hhs.gov,Male,105.124.242.45
687,Doris,Ruscoe,druscoej2@slashdot.org,Female,244.43.75.133
688,Esmeralda,Kensley,ekensleyj3@unc.edu,Female,186.124.116.95
689,Dana,Gehrtz,dgehrtzj4@purevolume.com,Male,136.192.165.31
690,Jessamine,Shallo,jshalloj5@prweb.com,Female,194.58.28.156
691,Leann,Hutable,lhutablej6@bigcartel.com,Female,103.142.22.181
692,Minda,Van Rembrandt,mvanrembrandtj7@is.gd,Genderfluid,203.72.185.180
693,Horton,Claque,hclaquej8@google.de,Male,233.45.248.3
694,Meagan,Leefe,mleefej9@stumbleupon.com,Female,95.144.145.81
695,Jori,Perrat,jperratja@symantec.com,Female,143.38.196.109
696,Winnie,Rubke,wrubkejb@merriam-webster.com,Female,166.238.80.231
697,Binky,Blackden,bblackdenjc@reverbnation.com,Male,245.233.193.237
698,Merwyn,Rosengren,mrosengrenjd@indiatimes.com,Male,253.25.187.255
699,Devin,Haywood,dhaywoodje@google.pl,Female,157.170.19.43
700,Luigi,Bourges,lbourgesjf@narod.ru,Male,1.83.131.77
701,Albertina,Lukasen,alukasenjg@tripod.com,Female,150.240.108.153
702,Ron,Newsham,rnewshamjh@acquirethisname.com,Male,43.56.46.151
703,Ricoriki,Ainscough,rainscoughji@upenn.edu,Male,219.30.159.194
704,Pyotr,Maywood,pmaywoodjj@123-reg.co.uk,Male,142.140.69.227
705,Drucill,Weekes,dweekesjk@mlb.com,Female,222.152.107.209
706,Baudoin,Cowie,bcowiejl@ebay.com,Male,229.186.192.3
707,Louisa,Selcraig,lselcraigjm@cargocollective.com,Female,168.203.167.145
708,Vittoria,Ert,vertjn@typepad.com,Female,175.210.74.7
709,Zia,Godehard.sf,zgodehardsfjo@blinklist.com,Agender,183.227.125.179
710,Veronica,Mazella,vmazellajp@google.it,Female,9.194.219.155
711,Averill,Juszkiewicz,ajuszkiewiczjq@ask.com,Male,57.50.28.91
712,Granny,Esh,geshjr@issuu.com,Male,172.126.41.60
713,Chrissy,Creffield,ccreffieldjs@yolasite.com,Male,236.201.233.7
714,Annabelle,Gaspero,agasperojt@skyrock.com,Female,46.20.218.155
715,Cecily,Leavey,cleaveyju@123-reg.co.uk,Female,174.38.96.183
716,Bobbie,Cassedy,bcassedyjv@marriott.com,Male,111.36.203.216
717,Pierre,Cohani,pcohanijw@mlb.com,Male,187.146.68.92
718,Gizela,Gookey,ggookeyjx@seattletimes.com,Bigender,72.43.199.127
719,Kinnie,Jirieck,kjirieckjy@bing.com,Male,1.11.42.185
720,Emelyne,Opy,eopyjz@youtube.com,Female,160.34.220.144
721,Darill,Rate,dratek0@mail.ru,Male,176.102.95.170
722,Wenda,Headley,wheadleyk1@hostgator.com,Female,78.223.133.9
723,Robbin,Avent,raventk2@cloudflare.com,Female,202.86.116.55
724,Gerri,Kenrack,gkenrackk3@51.la,Male,213.106.15.34
725,Elset,Webberley,ewebberleyk4@wp.com,Female,36.47.80.64
726,Trisha,Boldt,tboldtk5@washington.edu,Female,6.244.14.223
727,Euell,Ball,eballk6@slashdot.org,Male,64.177.72.132
728,Norris,McCane,nmccanek7@msn.com,Male,246.48.7.92
729,Melisse,MacCardle,mmaccardlek8@dmoz.org,Female,83.72.172.50
730,Billy,Armfirld,barmfirldk9@nih.gov,Female,125.179.58.169
731,Salim,Meace,smeaceka@comcast.net,Male,69.91.135.171
732,Dara,Freke,dfrekekb@deliciousdays.com,Female,7.31.138.117
733,Windham,Shireff,wshireffkc@twitter.com,Male,252.118.219.46
734,Eryn,MacCourt,emaccourtkd@forbes.com,Female,208.135.35.248
735,Cob,Leadley,cleadleyke@behance.net,Male,193.155.1.13
736,Josie,Domenici,jdomenicikf@wikimedia.org,Female,48.148.195.187
737,Steve,Slucock,sslucockkg@hexun.com,Male,210.132.224.198
738,Odessa,Belison,obelisonkh@europa.eu,Female,44.22.16.107
739,Rosemarie,Cappineer,rcappineerki@twitpic.com,Female,196.140.57.101
740,Edmon,Woolner,ewoolnerkj@ocn.ne.jp,Male,24.13.100.76
741,Georgetta,Dell Casa,gdellcasakk@cdbaby.com,Female,172.152.163.195
742,Eberto,Sandiford,esandifordkl@tamu.edu,Male,180.214.54.57
743,Janela,Kidde,jkiddekm@mashable.com,Female,123.62.138.162
744,Vito,McEvoy,vmcevoykn@businessweek.com,Male,2.171.8.166
745,Raquela,Ticehurst,rticehurstko@sbwire.com,Female,128.0.214.18
746,Daron,Joslyn,djoslynkp@netlog.com,Female,201.228.229.225
747,Aurore,Farny,afarnykq@who.int,Female,248.171.107.199
748,Alejandro,McTague,amctaguekr@vk.com,Male,68.99.27.98
749,Winfred,McClinton,wmcclintonks@flavors.me,Male,93.200.245.83
750,Byran,Nijssen,bnijssenkt@soundcloud.com,Male,143.25.244.80
751,Worth,Dodshun,wdodshunku@godaddy.com,Male,123.220.8.93
752,Rebeka,Stuehmeyer,rstuehmeyerkv@unc.edu,Agender,153.11.155.9
753,Palmer,Melsom,pmelsomkw@bandcamp.com,Male,203.209.138.172
754,Tersina,Struther,tstrutherkx@etsy.com,Female,38.64.215.49
755,Binny,McGoon,bmcgoonky@usnews.com,Female,189.94.132.38
756,Shep,Escott,sescottkz@go.com,Male,91.88.233.156
757,Durward,Pawlyn,dpawlynl0@storify.com,Male,209.200.24.69
758,Leese,Marling,lmarlingl1@ihg.com,Female,86.94.91.32
759,Annabal,McIllrick,amcillrickl2@ted.com,Female,76.250.74.197
760,Mendie,Thumann,mthumannl3@answers.com,Male,98.192.149.66
761,Dougy,Laurant,dlaurantl4@soup.io,Male,57.68.65.191
762,Addie,Kingswood,akingswoodl5@histats.com,Genderfluid,247.224.92.248
763,Petunia,Staunton,pstauntonl6@devhub.com,Female,201.85.53.45
764,Giffer,Morse,gmorsel7@networksolutions.com,Male,218.236.60.162
765,Ola,Wathey,owatheyl8@hp.com,Female,93.159.25.120
766,Gabriele,Liveley,gliveleyl9@economist.com,Genderqueer,191.74.128.194
767,Quinn,Acom,qacomla@businessweek.com,Female,134.234.130.226
768,Odele,Pitway,opitwaylb@prweb.com,Female,39.235.213.39
769,Libby,Daborne,ldabornelc@domainmarket.com,Female,116.136.140.166
770,Peter,O'Riordan,poriordanld@shinystat.com,Male,125.28.96.113
771,Dotty,Matches,dmatchesle@drupal.org,Female,196.219.184.105
772,Angy,Moar,amoarlf@soup.io,Female,166.225.53.144
773,Sascha,Mildner,smildnerlg@spotify.com,Female,127.159.198.137
774,Margot,Jacobowicz,mjacobowiczlh@cam.ac.uk,Genderfluid,156.151.89.160
775,Kath,Kingswell,kkingswellli@bloglovin.com,Female,100.119.175.27
776,Yorgo,Stanfield,ystanfieldlj@infoseek.co.jp,Male,32.58.10.251
777,Beatriz,Souch,bsouchlk@cnet.com,Polygender,47.184.192.252
778,Seana,Anten,santenll@booking.com,Female,170.87.2.141
779,Bourke,Fronek,bfroneklm@seattletimes.com,Genderqueer,2.72.160.61
780,Wald,Gimber,wgimberln@loc.gov,Male,69.116.100.49
781,Vinita,De Ambrosi,vdeambrosilo@ibm.com,Female,132.4.143.231
782,Kiri,Rojas,krojaslp@networkadvertising.org,Female,224.0.179.227
783,Bernadette,Polini,bpolinilq@behance.net,Female,201.96.101.173
784,Kat,Boreham,kborehamlr@forbes.com,Female,98.101.65.210
785,Benedikt,Thornton-Dewhirst,bthorntondewhirstls@google.co.jp,Male,29.208.197.8
786,Hermina,Ochterlony,hochterlonylt@google.fr,Female,90.77.163.95
787,Reinold,Schellig,rschelliglu@tripod.com,Male,26.135.153.131
788,Pearline,Pond-Jones,ppondjoneslv@blogtalkradio.com,Female,39.10.214.59
789,Ailyn,Partington,apartingtonlw@answers.com,Female,11.30.7.78
790,Gayel,Denys,gdenyslx@paypal.com,Female,52.61.134.247
791,Westbrooke,Cave,wcavely@google.ru,Male,17.125.17.213
792,Carlee,Tudgay,ctudgaylz@furl.net,Female,252.97.153.150
793,Belinda,Gueinn,bgueinnm0@imdb.com,Female,186.157.73.190
794,Dolorita,Eldrid,deldridm1@bbc.co.uk,Female,47.147.179.121
795,Iorgos,Brewerton,ibrewertonm2@imgur.com,Genderfluid,138.221.176.75
796,Bernette,Duran,bduranm3@parallels.com,Bigender,33.254.145.85
797,Seward,Klemz,sklemzm4@fc2.com,Male,101.187.8.243
798,Estele,Anselmi,eanselmim5@dion.ne.jp,Female,238.64.97.119
799,Rosabel,Oosthout de Vree,roosthoutdevreem6@joomla.org,Agender,135.102.248.82
800,Donielle,Maude,dmaudem7@vinaora.com,Female,99.74.109.41
801,Eward,Marians,emariansm8@51.la,Male,56.203.245.43
802,Fey,Delucia,fdeluciam9@salon.com,Bigender,29.4.55.205
803,Herta,Perrett,hperrettma@oracle.com,Female,229.166.103.133
804,Morly,Zaniolo,mzaniolomb@youtube.com,Male,217.98.248.179
805,Tirrell,Ettridge,tettridgemc@ftc.gov,Male,92.81.176.106
806,Hal,Yewman,hyewmanmd@hp.com,Male,167.29.235.161
807,Jaymee,Barthrup,jbarthrupme@alexa.com,Female,34.17.95.105
808,Hobie,Brazil,hbrazilmf@guardian.co.uk,Male,181.230.242.183
809,Renae,Gott,rgottmg@tuttocitta.it,Female,65.158.28.237
810,Agatha,Scourfield,ascourfieldmh@pcworld.com,Female,182.52.84.228
811,Milicent,O'Dogherty,modoghertymi@addthis.com,Female,166.164.249.124
812,Brianne,Shovlar,bshovlarmj@topsy.com,Female,240.238.88.158
813,Leticia,Haggerston,lhaggerstonmk@cbsnews.com,Female,72.180.83.48
814,Zach,Crus,zcrusml@prnewswire.com,Male,99.115.92.44
815,Jareb,Matusiak,jmatusiakmm@mayoclinic.com,Male,180.161.90.207
816,Jillane,Faustian,jfaustianmn@etsy.com,Female,67.241.110.44
817,Dory,Syme,dsymemo@gnu.org,Female,14.73.98.12
818,Bianka,Shardlow,bshardlowmp@soup.io,Polygender,76.217.242.243
819,Kingsley,Ellif,kellifmq@deliciousdays.com,Male,226.38.3.255
820,Porty,Annakin,pannakinmr@globo.com,Male,13.54.147.91
821,Mac,Bloxham,mbloxhamms@1688.com,Male,232.39.14.31
822,Auberon,Baert,abaertmt@comcast.net,Male,33.234.167.1
823,Margret,Cardew,mcardewmu@engadget.com,Female,113.123.46.88
824,Katuscha,Vankov,kvankovmv@about.me,Non-binary,89.239.9.197
825,Calypso,Ollive,collivemw@cnbc.com,Female,3.158.240.103
826,Rosetta,Wagnerin,rwagnerinmx@vistaprint.com,Female,103.67.214.201
827,Tam,Scoular,tscoularmy@google.es,Non-binary,128.153.153.208
828,Rockwell,Mellonby,rmellonbymz@seattletimes.com,Male,127.21.95.153
829,Kennie,Dugan,kdugann0@ezinearticles.com,Male,42.199.88.176
830,Gardie,Lownie,glownien1@independent.co.uk,Male,133.236.35.104
831,Toni,Buffin,tbuffinn2@instagram.com,Female,59.214.141.208
832,Mikol,Riordan,mriordann3@1688.com,Male,136.108.38.81
833,Yancy,Seamon,yseamonn4@omniture.com,Male,105.141.27.98
834,Daron,Sonner,dsonnern5@mediafire.com,Male,146.50.145.222
835,Lannie,Berrycloth,lberryclothn6@canalblog.com,Male,14.155.237.179
836,Judd,Kyllford,jkyllfordn7@java.com,Male,25.225.13.125
837,Guenna,Strathdee,gstrathdeen8@wisc.edu,Female,94.247.127.146
838,Agathe,Pask,apaskn9@chronoengine.com,Female,184.213.80.38
839,Ariana,Tester,atesterna@apache.org,Female,63.43.135.79
840,Clayson,Merryfield,cmerryfieldnb@bbc.co.uk,Male,41.119.22.252
841,Thornton,Shayler,tshaylernc@msu.edu,Male,58.74.203.230
842,Nicolai,Kordes,nkordesnd@mayoclinic.com,Male,224.178.189.244
843,Colleen,Calven,ccalvenne@yellowpages.com,Female,82.84.200.171
844,Casie,Matt,cmattnf@deliciousdays.com,Female,12.118.182.33
845,Tobias,Gery,tgeryng@wikipedia.org,Male,189.194.255.46
846,Hunfredo,D'Alesio,hdalesionh@so-net.ne.jp,Male,101.9.236.48
847,Sunshine,Storrah,sstorrahni@parallels.com,Genderfluid,164.232.171.160
848,Shoshana,Pyser,spysernj@example.com,Female,214.173.10.135
849,Dari,Carbery,dcarberynk@ask.com,Female,221.180.81.65
850,Hobart,MacNeely,hmacneelynl@va.gov,Male,38.100.31.164
851,Persis,Pauleau,ppauleaunm@tinyurl.com,Female,35.8.128.238
852,Tyler,Gilvary,tgilvarynn@walmart.com,Male,154.137.70.11
853,Mead,Strute,mstruteno@nhs.uk,Male,232.154.25.227
854,Chilton,Tanby,ctanbynp@ycombinator.com,Male,239.92.13.82
855,Carola,Fardy,cfardynq@home.pl,Female,187.178.171.48
856,Renaud,Scare,rscarenr@census.gov,Non-binary,125.234.188.158
857,Marguerite,Dooher,mdooherns@mapquest.com,Female,226.119.254.151
858,Adorne,Francescoccio,afrancescocciont@unicef.org,Female,161.188.41.10
859,Lars,Spofford,lspoffordnu@elegantthemes.com,Male,205.72.87.133
860,Sharyl,Grimestone,sgrimestonenv@theguardian.com,Genderfluid,141.89.217.211
861,Granger,Scranny,gscrannynw@cnn.com,Male,77.127.219.37
862,Sergeant,Redington,sredingtonnx@biglobe.ne.jp,Male,173.229.248.36
863,Iggie,Farryn,ifarrynny@posterous.com,Male,9.27.85.16
864,Prent,Leyshon,pleyshonnz@weebly.com,Male,70.242.93.132
865,Geno,Redd,greddo0@nymag.com,Male,254.79.75.243
866,Amalie,Danielsohn,adanielsohno1@bizjournals.com,Female,250.44.34.73
867,Ewan,Piggford,epiggfordo2@mozilla.com,Male,133.214.76.19
868,Christiane,Camillo,ccamilloo3@behance.net,Female,163.40.252.161
869,Axel,Krammer,akrammero4@nationalgeographic.com,Male,158.176.92.0
870,Glynnis,Moverley,gmoverleyo5@si.edu,Bigender,170.195.48.177
871,Harp,Biford,hbifordo6@google.es,Male,170.99.32.30
872,Whit,Puckrin,wpuckrino7@ask.com,Male,102.185.130.7
873,Tabatha,Klewi,tklewio8@addthis.com,Female,33.223.178.207
874,Modestine,Reburn,mreburno9@aol.com,Female,215.5.130.93
875,Garwood,Kase,gkaseoa@biblegateway.com,Male,150.102.234.132
876,Yanaton,Janu,yjanuob@nba.com,Male,147.232.178.73
877,Lyndsie,Basili,lbasilioc@printfriendly.com,Genderqueer,146.205.50.49
878,Rustie,Argile,rargileod@sphinn.com,Male,11.131.49.242
879,Dorree,Mildenhall,dmildenhalloe@live.com,Female,143.112.57.255
880,Merrel,Fruish,mfruishof@oaic.gov.au,Male,139.56.151.158
881,Jereme,Eayrs,jeayrsog@surveymonkey.com,Male,95.6.103.67
882,Rufe,Longea,rlongeaoh@gnu.org,Male,177.249.217.183
883,Mary,Tregensoe,mtregensoeoi@surveymonkey.com,Female,1.161.1.232
884,Chloette,Hildrew,childrewoj@sourceforge.net,Female,13.48.83.69
885,Maxie,Nockalls,mnockallsok@nymag.com,Female,163.105.208.204
886,Mirna,Serot,mserotol@youku.com,Female,107.54.28.3
887,Hew,Dangerfield,hdangerfieldom@networksolutions.com,Male,90.130.29.91
888,Nadia,Drysdell,ndrysdellon@youtube.com,Female,10.11.214.206
889,Bald,Standingford,bstandingfordoo@people.com.cn,Male,53.177.190.172
890,Worth,Sterry,wsterryop@pagesperso-orange.fr,Genderqueer,49.94.156.63
891,Sherwin,Wollard,swollardoq@cnbc.com,Male,83.45.78.152
892,Betsey,Antonomolii,bantonomoliior@bing.com,Female,30.169.238.209
893,Heidie,Lupton,hluptonos@so-net.ne.jp,Bigender,7.218.51.97
894,Neel,Larver,nlarverot@youtube.com,Male,80.46.13.90
895,Pippa,Goly,pgolyou@cnn.com,Female,48.208.32.244
896,Garth,Ramlot,gramlotov@nymag.com,Male,101.100.108.98
897,Kelly,Lesurf,klesurfow@umich.edu,Male,17.210.178.56
898,Elmore,Hinstock,ehinstockox@geocities.com,Male,126.189.185.250
899,Cort,Battison,cbattisonoy@tamu.edu,Male,176.156.19.139
900,Sollie,Betonia,sbetoniaoz@blogtalkradio.com,Male,15.177.194.114
901,Jemie,Rottcher,jrottcherp0@cbslocal.com,Female,228.34.93.51
902,Concettina,Maudling,cmaudlingp1@omniture.com,Female,61.65.94.64
903,Freemon,Luney,fluneyp2@nyu.edu,Male,188.37.205.58
904,Rhetta,Craggs,rcraggsp3@bigcartel.com,Female,65.177.52.211
905,Ashley,Pyper,apyperp4@ftc.gov,Female,112.5.118.179
906,Wyndham,Ratchford,wratchfordp5@blinklist.com,Male,198.201.70.129
907,Hart,Blacksland,hblackslandp6@patch.com,Male,229.38.205.230
908,Catherina,Archibould,carchibouldp7@sbwire.com,Female,92.73.27.42
909,Jessalyn,Demaine,jdemainep8@exblog.jp,Female,220.41.149.200
910,Kilian,Dahlback,kdahlbackp9@trellian.com,Male,15.171.10.14
911,Laural,Tudbald,ltudbaldpa@feedburner.com,Female,64.118.75.241
912,Rockwell,Yukhov,ryukhovpb@samsung.com,Male,223.46.86.8
913,Talbot,Kivell,tkivellpc@dion.ne.jp,Male,54.71.50.200
914,Jason,MacKibbon,jmackibbonpd@upenn.edu,Male,90.113.124.251
915,Mari,Nutt,mnuttpe@sphinn.com,Female,139.132.74.22
916,Allegra,Baish,abaishpf@weather.com,Female,49.145.94.1
917,Ninette,Arnett,narnettpg@homestead.com,Female,49.84.49.216
918,Nancy,Peabody,npeabodyph@biblegateway.com,Female,129.187.211.115
919,Audrey,Stavers,astaverspi@dedecms.com,Female,245.127.252.57
920,Brunhilda,Lere,blerepj@gravatar.com,Female,37.185.29.254
921,Goober,Sothcott,gsothcottpk@livejournal.com,Male,86.228.56.87
922,Lynda,Ollin,lollinpl@is.gd,Female,14.176.108.199
923,Britni,Izod,bizodpm@nymag.com,Female,69.112.230.233
924,Skipton,Kleinert,skleinertpn@spotify.com,Male,127.178.136.124
925,Rickie,Scorey,rscoreypo@blogspot.com,Male,112.0.223.233
926,Sacha,Chalfont,schalfontpp@biglobe.ne.jp,Genderqueer,157.254.247.87
927,Steven,McWilliams,smcwilliamspq@youtu.be,Male,149.76.203.23
928,Walliw,Alphonso,walphonsopr@seesaa.net,Female,63.11.227.33
929,Helen-elizabeth,Mcwhinnie,hmcwhinnieps@un.org,Female,167.15.44.110
930,Jacqui,Hanlon,jhanlonpt@forbes.com,Female,88.153.178.117
931,Chevalier,Cohn,ccohnpu@nymag.com,Polygender,48.222.219.28
932,Sadella,Aberchirder,saberchirderpv@twitpic.com,Female,0.66.140.193
933,Bobbie,Kitman,bkitmanpw@smugmug.com,Female,35.228.190.4
934,Lora,Haliday,lhalidaypx@nifty.com,Female,123.194.5.254
935,Stephannie,Donaghy,sdonaghypy@homestead.com,Female,83.4.177.71
936,Stefa,Dils,sdilspz@fc2.com,Female,177.148.54.186
937,Pasquale,Tayt,ptaytq0@wikipedia.org,Male,158.64.241.159
938,Barry,Belfelt,bbelfeltq1@discuz.net,Male,184.225.125.166
939,Richardo,Kadd,rkaddq2@scientificamerican.com,Male,55.165.126.85
940,Harlin,Clapshaw,hclapshawq3@newsvine.com,Male,175.34.251.232
941,Bradly,Kelso,bkelsoq4@miitbeian.gov.cn,Male,104.186.254.246
942,Saba,Chippin,schippinq5@opensource.org,Female,174.175.167.231
943,Odie,Savatier,osavatierq6@ted.com,Male,204.103.62.25
944,Hedy,Lyall,hlyallq7@seattletimes.com,Female,185.212.126.147
945,Mandi,Chippendale,mchippendaleq8@comsenz.com,Genderqueer,151.71.250.50
946,Armstrong,Lathan,alathanq9@unblog.fr,Male,211.217.238.58
947,Patin,Sewley,psewleyqa@marriott.com,Male,208.202.39.19
948,Glynn,Bosher,gbosherqb@umich.edu,Male,39.136.246.254
949,Julius,Gavriel,jgavrielqc@arstechnica.com,Male,70.41.73.238
950,Marline,Brummell,mbrummellqd@prweb.com,Female,241.228.107.19
951,Gale,MacLleese,gmaclleeseqe@omniture.com,Non-binary,111.221.1.72
952,Brade,McGenis,bmcgenisqf@pbs.org,Male,3.203.94.42
953,Tatiana,Odgaard,todgaardqg@yahoo.com,Female,222.67.186.116
954,Barr,Gipson,bgipsonqh@twitter.com,Male,166.237.83.158
955,Carree,Stredwick,cstredwickqi@php.net,Female,25.74.217.88
956,Shel,De Antoni,sdeantoniqj@liveinternet.ru,Female,100.119.178.100
957,Allie,Gagen,agagenqk@nytimes.com,Male,73.242.103.33
958,Chickie,Tossell,ctossellql@furl.net,Female,145.76.8.4
959,Van,Cherrington,vcherringtonqm@360.cn,Male,223.98.128.226
960,Winonah,Hymans,whymansqn@jimdo.com,Female,76.9.115.167
961,Sissie,Souster,ssousterqo@sciencedaily.com,Female,77.133.96.212
962,Tammie,McIlenna,tmcilennaqp@msu.edu,Male,135.170.106.112
963,Elaine,Pharaoh,epharaohqq@smh.com.au,Female,4.233.246.145
964,Luciano,Gimlet,lgimletqr@4shared.com,Male,9.189.135.200
965,Barrie,Stichall,bstichallqs@reddit.com,Male,20.97.250.158
966,Queenie,Rivett,qrivettqt@reuters.com,Female,234.58.30.124
967,Ramona,Roxbee,rroxbeequ@yolasite.com,Female,86.238.182.155
968,Ellynn,Lanney,elanneyqv@ibm.com,Female,70.162.97.195
969,Dorelle,Johananoff,djohananoffqw@hud.gov,Female,243.156.240.236
970,Xever,Orans,xoransqx@cam.ac.uk,Male,183.21.198.40
971,Ellissa,Brokenbrow,ebrokenbrowqy@usnews.com,Female,98.240.177.202
972,Virge,Keets,vkeetsqz@wix.com,Male,27.177.185.138
973,Jerrold,Delbergue,jdelberguer0@facebook.com,Male,233.51.202.71
974,Linoel,Jose,ljoser1@blogs.com,Male,252.170.94.252
975,Hillier,Helin,hhelinr2@artisteer.com,Male,35.157.153.149
976,Jeno,Angelo,jangelor3@nytimes.com,Male,66.40.48.68
977,Aleen,Malster,amalsterr4@sogou.com,Female,186.108.36.241
978,Travis,Streatfeild,tstreatfeildr5@cam.ac.uk,Male,152.22.1.30
979,Tallie,Geeve,tgeever6@storify.com,Male,240.99.173.114
980,Deb,Panting,dpantingr7@ycombinator.com,Female,48.101.229.109
981,Raynell,Durtnal,rdurtnalr8@telegraph.co.uk,Female,200.180.168.130
982,Harri,Shevelin,hshevelinr9@ocn.ne.jp,Female,162.104.193.226
983,Vinita,Drought,vdroughtra@jalbum.net,Female,176.182.43.193
984,Ina,Ondracek,iondracekrb@pinterest.com,Female,149.65.150.122
985,Vikky,Giraudou,vgiraudourc@hibu.com,Female,4.168.218.172
986,Marie-jeanne,Hysom,mhysomrd@storify.com,Agender,223.136.204.8
987,Edwin,Girdlestone,egirdlestonere@free.fr,Male,254.245.104.12
988,Orion,Sanday,osandayrf@google.cn,Male,96.181.33.160
989,Guido,Normavill,gnormavillrg@hud.gov,Non-binary,217.100.27.113
990,Zonda,Sitford,zsitfordrh@businessinsider.com,Female,196.33.36.95
991,Alphonse,Bondar,abondarri@ifeng.com,Male,88.153.104.167
992,Giraud,Bonar,gbonarrj@boston.com,Male,10.8.51.163
993,Talia,Osborne,tosbornerk@youku.com,Female,19.96.102.74
994,Nichole,Chester,nchesterrl@google.fr,Female,136.104.166.169
995,Roslyn,Annice,rannicerm@buzzfeed.com,Female,244.25.196.113
996,Florri,Hanks,fhanksrn@gov.uk,Female,79.84.118.96
997,Nigel,Maddison,nmaddisonro@uol.com.br,Male,200.76.221.110
998,Cary,Janca,cjancarp@uol.com.br,Male,32.235.167.160
999,Adrian,Waterfield,awaterfieldrq@jugem.jp,Genderfluid,194.53.152.226
1000,Reeta,Parsonage,rparsonagerr@wordpress.com,Female,253.208.242.252
